{
  "results": [
    {
      "id": 1,
      "fecha_movimiento": "2024-06-05T09:30:00Z",
      "cantidad": 15,
      "precio_total": 2250000,
      "descripcion": "Compra de Nike Air Max 270 - Tallas 38-42 - Proveedor SportMax"
    },
    {
      "id": 2,
      "fecha_movimiento": "2024-06-04T14:15:00Z",
      "cantidad": -3,
      "precio_total": 450000,
      "descripcion": "Venta de Adidas Ultraboost 22 - Cliente María González - Factura #001234"
    },
    {
      "id": 3,
      "fecha_movimiento": "2024-06-03T11:20:00Z",
      "cantidad": 25,
      "precio_total": 1875000,
      "descripcion": "Ingreso por compra - Converse Chuck Taylor All Star - Colores variados"
    },
    {
      "id": 4,
      "fecha_movimiento": "2024-06-02T16:45:00Z",
      "cantidad": -2,
      "precio_total": 320000,
      "descripcion": "Venta Vans Old Skool - Cliente Carlos Ruiz - Pago efectivo"
    },
    {
      "id": 5,
      "fecha_movimiento": "2024-06-01T08:00:00Z",
      "cantidad": -1,
      "precio_total": 180000,
      "descripcion": "Devolución al proveedor - Puma RS-X defectuoso - Lote #PU-2024-05"
    },
    {
      "id": 6,
      "fecha_movimiento": "2024-05-31T13:30:00Z",
      "cantidad": 12,
      "precio_total": 1440000,
      "descripcion": "Reposición de inventario - Reebok Classic Leather - Tallas populares"
    },
    {
      "id": 7,
      "fecha_movimiento": "2024-05-30T10:15:00Z",
      "cantidad": -4,
      "precio_total": 680000,
      "descripcion": "Venta mayorista - New Balance 574 - Empresa Calzados del Norte"
    },
    {
      "id": 8,
      "fecha_movimiento": "2024-05-29T15:50:00Z",
      "cantidad": 8,
      "precio_total": 3200000,
      "descripcion": "Compra premium - Jordan Air 1 Retro High - Edición limitada"
    },
    {
      "id": 9,
      "fecha_movimiento": "2024-05-28T12:25:00Z",
      "cantidad": -5,
      "precio_total": 975000,
      "descripcion": "Venta online - Asics Gel-Kayano 29 - Envío nacional múltiples destinos"
    },
    {
      "id": 10,
      "fecha_movimiento": "2024-05-27T09:40:00Z",
      "cantidad": 20,
      "precio_total": 4800000,
      "descripcion": "Ingreso por importación - Dr. Martens 1460 - Proveedor internacional"
    },
    {
      "id": 11,
      "fecha_movimiento": "2024-05-26T17:10:00Z",
      "cantidad": -1,
      "precio_total": 450000,
      "descripcion": "Venta especial - Timberland 6-Inch Premium - Cliente VIP descuento 10%"
    },
    {
      "id": 12,
      "fecha_movimiento": "2024-05-25T14:35:00Z",
      "cantidad": 3,
      "precio_total": 2700000,
      "descripcion": "Compra exclusiva - Balenciaga Triple S - Boutique de lujo"
    },
    {
      "id": 13,
      "fecha_movimiento": "2024-05-24T11:05:00Z",
      "cantidad": -2,
      "precio_total": 300000,
      "descripcion": "Venta por catálogo - Nike Air Max 270 - Pedido telefónico"
    },
    {
      "id": 14,
      "fecha_movimiento": "2024-05-23T16:20:00Z",
      "cantidad": -7,
      "precio_total": 1120000,
      "descripcion": "Liquidación por temporada - Adidas Ultraboost 22 - Descuento 15%"
    },
    {
      "id": 15,
      "fecha_movimiento": "2024-05-22T08:45:00Z",
      "cantidad": 30,
      "precio_total": 2250000,
      "descripcion": "Restock masivo - Converse Chuck Taylor - Preparación temporada alta"
    },
    {
      "id": 16,
      "fecha_movimiento": "2024-05-21T13:15:00Z",
      "cantidad": -1,
      "precio_total": 0,
      "descripcion": "Ajuste de inventario - Vans Old Skool dañado - Pérdida por manipulación"
    },
    {
      "id": 17,
      "fecha_movimiento": "2024-05-20T10:30:00Z",
      "cantidad": -6,
      "precio_total": 1080000,
      "descripcion": "Venta corporativa - Puma RS-X - Empresa deportiva local"
    },
    {
      "id": 18,
      "fecha_movimiento": "2024-05-19T15:55:00Z",
      "cantidad": 18,
      "precio_total": 2160000,
      "descripcion": "Compra estacional - Reebok Classic Leather - Colores primavera-verano"
    }
  ]
}